Title,Keyword,Keyword ID,Position,Previous position
AWS Certification Course,amazon web service certification,1,2,2
AWS Certified Cloud Practioner | Special Offer Get Flat 43% Off,aws practitioner certification,1,3,0
AWS Certified Cloud Practioner | Today's offer- Flat $300 Off,best aws learning tutorial,1,5,5
AWS Solution Architect Course | Get AWS Associate Certificate,aws solutions architect-associate,1,4,4
Become a Certified ScrumMaster | Today's Offer: Up To 51% Off,scrum master certification,10,3,3
Become a Certified ScrumMaster | Today's Offer: Up To 51%...,certified scrummaster csm,10,3,3
Become CAPM® Ready in 3 Weeks | Ace CAPM® Exam in 1st...,certified associate in project management capm course,2,2,2
Become CAPM® Ready in 3 Weeks | Ace CAPM® Exam in 1st...,capm training classes,2,2,2
Become Certified Scrum Master | Flash Sale: Enroll @ $270,certified scrum certification,10,4,4
Become Certified Scrum Master | Limited-time Offer: $270 Only,agile certified scrum master,10,3,3
Become Certified Scrum Master | Today's Offer: Up To 51% Off,certified scrum master csm certification,10,3,3
CAPM® Certification Training | Ace CAPM® Exam in 1st Attempt,capm certification,2,4,4
CAPM® Certification Training | Ace CAPM® Exam in 1st...,certified associate in project management capm course,2,5,5
CAPM® Exam Prep in 3 Weeks | Ace CAPM® Exam in 1st Attempt,capm course,2,6,0
Certified Scrum Product Owner® | Limited Offer: Flat $279 Off,scrum master certification free,10,4,4
Certified Scrum Product Owner® | Limited Offer: Flat $279 Off,scrum alliance csm certification cost,10,4,4
Cloud Architect Certificate - Become a Cloud Architect,cloud architect certification,3,3,3
Cloud Certification Course | Masters Certification in Cloud,caltech post graduate program in cloud computing,3,3,3
CSM Scrum Master Course Online - Limited-time Offer: $270 Only,certified scrum master,4,1,1
CSM Scrum Master Course Online - Today's Offer: Up To 51% Off,certified scrum master class,4,2,2
CSM Scrum Master Course Online - Today's Offer: Up To 51% Off,get certified scrum master,4,3,3
CSM Scrum Master Course Online - Today's Offer: Up To 51% Off,srum master certification,4,4,4
CSM Scrum Master Course Online | Limited-time Offer: $270 Only,csm scrum master certification,4,2,2
CSM Scrum Master Course Online | Limited-time Offer: $270 Only,csm class,4,3,3
CSM Scrum Master Course Online | Today's Offer: Up To 51% Off,scrum master certification,4,1,1
CSM Scrum Master Course Online | Today's Offer: Up To 51% Off,certified scrum master certification,4,1,1
CSM Scrum Master Course Online | Today's Offer: Up To 51% Off,scrum master certification,4,2,2
CSM Scrum Master Course Online | Today's Offer: Up To 51% Off,scrum master certification,4,5,5
CSM Scrum Master Course Online | Today's Offer: Up To 51% Off,smum master certification,4,1,1
CSM Scrum Master Course Online | Today's Offer: Up To 51% Off,certified scrum master,4,2,2
CSM Scrum Master Course Online | Today's Offer: Up To 51% Off,certified scrum master certification,4,4,4
CSM Scrum Master Course Online | Today's Offer: Up To 51% Off,certified scrum master certification,4,6,6
CSM Scrum Master Course Online | Today's Offer: Up To 51% Off,certified scrum master certificate,4,2,2
CSM Scrum Master Course Online | Today's Offer: Up To 51% Off,certified scrum master course,4,3,3
CSM Scrum Master Course Online | Today's Offer: Up To 51% Off,scrum master certification course,4,4,4
CSPO® Certification - Special Offer: Flat $279 Off,knowledgehut cspo,5,2,2
CSPO® Certification | Limited Offer: Enroll @ $270,cspo,5,2,2
CSPO® Certification | Special Offer: Flat $279 Off,cspo,5,3,3
CSPO® Certification Course | Limited Offer: Flat $279 Off,cspo training,5,3,3
ITIL Certification Cost - 100% Exam Pass Guarantee,itil 4 foundation exam cost,6,3,0
ITIL Certification Course - 100% Exam Pass Guarantee,itil certification,6,4,4
ITIL Certification Course | 100% Exam Pass Guarantee,itil certification training,6,2,2
ITIL Certification Course | 100% Exam Pass Guarantee,itil certification online,6,3,3
ITIL Certification Course | 100% Exam Pass Guarantee,itil classes online,6,3,3
ITIL Certification Course | Clear ITIL Exam on 1st Attempt,itil certification course online,6,1,1
ITIL Certification Course | Clear ITIL Exam on 1st Attempt,itl certification,6,1,1
ITIL Certification Now - 4 Mock Tests | 30+ Quizzes,itil foundation test online,6,1,1
ITIL Foundations Course | 100% Exam Pass Guarantee,itil 4 foundation certification,6,2,2
ITIL Foundations Course | 100% Exam Pass Guarantee,itil foundation training,6,4,4
ITIL Foundations Course | 100% Exam Pass Guarantee,itil 4 foundation certification,6,6,6
ITIL Foundations Course | 100% Exam Pass Guarantee,itil online certification,6,2,2
ITIL Foundations Course | 100% Exam Pass Guarantee,learning tree itil 4 foundation,6,3,3
ITIL Foundations Course | Clear ITIL Exam on 1st Attempt,itil foundations training,6,3,3
ITIL® 4 Certification Course | 100% Money Back Guarantee,itil certification,6,1,1
ITIL® 4 Certification Course | Accredited Course Curriculum,itil certifications,6,4,4
Leading SAFe® 6 Certification | Special Offer: Get $250 Off,safe 6.0 certification,9,4,4
Master ITIL 4 Foundation - 100% Exam Pass Guarantee,itil foundation test,6,2,2
Master ITIL 4 Foundation - 100+ Premium Exam Questions,itil foundation mock exam,6,1,1
Master ITIL 4 Foundation - Clear ITIL Exam on 1st Attempt,itil foundation mock test,6,1,1
Master ITIL 4 Foundation - Clear ITIL Exam on 1st Attempt,itil 4 foundation mock exam,6,1,1
Master ITIL 4 Foundation | 100% Exam Pass Guarantee,itil 4 foundation course,6,3,3
Master ITIL 4 Foundation | 100% Exam Pass Guarantee,itilv4 foundation,6,3,3
Master ITIL 4 Foundation | 100% Exam Pass Guarantee,itilv4 foundation,6,6,6
No Cost & No Hidden Fees - AWS Certification Course,best platform to learn aws,1,4,0
Online AWS CPE Course | Special Offer Get Flat 43% Off,devops certification course,1,4,4
PMI Certified PMP® Training | Ace PMP Exam in 1st Attempt,pmi certification,8,1,1
PMI Certified PMP® Training | Ace PMP Exam in 1st Attempt,pmp training pmi,8,3,3
PMI Certified PMP® Training | Flat 40% Off - Enroll Now,pmi project management course,8,3,3
PMP® Certification - Flat 40% Off - Enroll Now,pmp exam fee,8,2,2
PMP® Certification | Ace PMP Exam in 1st Attempt,pmp certification,8,3,3
PMP® Certification | Ace PMP Exam in 1st Attempt,pmp certifications,8,1,1
PMP® Certification | Ace PMP Exam in 1st Attempt,certificado de gestion de proyectos,8,1,1
PMP® Certification | Confidently Ace The PMP Exam,project management professional certification,8,4,4
PMP® Certification | Confidently Ace The PMP Exam,best course for pmp,8,4,4
PMP® Certification | Flat 40% Off - Enroll Now,online pmp certification training,8,1,1
PMP® Certification | Special Offer: Get $400 Off,project management certification,8,5,5
PMP® Certification Course,pmp certification requirements,8,1,0
PMP® Certification Course,how to get project management certification,8,3,3
PMP® Certification Course,how to prepare for pmp certification,8,5,5
PMP® Certification Course,duration of pmp course,8,2,2
PMP® Certification Course | Ace PMP Exam in 1st Attempt,pmp certification,8,6,0
PMP® Certification Course | Ace PMP Exam in 1st Attempt,pmp certification requirements,8,2,2
PMP® Certification Course | Ace PMP Exam in 1st Attempt,pmp certification exam questions,8,1,1
PMP® Certification Course | Ace PMP Exam in 1st Attempt,how to get pmp certification,8,4,4
PMP® Certification Course | Ace PMP Exam in 1st Attempt,pmp course,8,5,5
PMP® Certification Course | Ace PMP Exam in 1st Attempt,pmp certification training,8,5,5
PMP® Certification Course | Ace PMP Exam in 1st Attempt,project management professional prep course,8,3,3
PMP® Certification Course | Ace PMP Exam in 1st Attempt,pmp courses online free,8,1,1
PMP® Certification Course | Confidently Ace The PMP Exam,pmp certification what is it,8,4,4
PMP® Certification Course | Flat 40% Off - Enroll Now,pmp certification courses online,8,3,3
PMP® Certification Course | Flat 40% Off - Enroll Now,it project manager certification,8,5,5
PMP® Certification Course | Flat 40% Off - Enroll Now,pmp certification online course,8,6,6
PMP® Certification Training - Ace PMP Exam in 1st Attempt,pmp exam prep free,8,1,1
PMP® Certification Training | Ace PMP Exam in 1st Attempt,how to prepare for pmp certification,8,1,1
PMP® Certification Training | Flat 40% Off - Enroll Now,cheap pmp certification,8,1,1
PMP® Certification Training | Flat 40% Off - Enroll Now,how much does it cost to do pmp-acp,8,4,4
PMP® Course | Confidently Ace The PMP Exam,best pmp prep course,8,6,6
PMP® Course | Confidently Ace The PMP Exam,pmp free course,8,3,3
PMP® Exam & Certification,pmp exam,8,3,0
PMP® Exam & Certification,pmp test,8,4,4
PMP® Exam & Certification,pmp registered,8,2,2
PMP® Exam & Certification - Confidently Ace The PMP Exam,pmp test requirements,8,3,3
PMP® Exam & Certification - Flat 40% Off - Enroll Now,pmp certification 35 hours online training,8,4,4
PMP® Exam & Certification - Special Offer: Get $400 Off,pmp certification cost,8,5,5
PMP® Exam & Certification | Ace PMP Exam in 1st Attempt,pmp exam cost,8,2,2
PMP® Exam & Certification | Ace PMP Exam in 1st Attempt,pmp study course,8,1,1
PMP® Exam & Certification | Ace PMP Exam in 1st Attempt,pmi pmp certification,8,2,2
PMP® Exam & Certification | Ace PMP Exam in 1st Attempt,pmp certificaiton,8,2,2
PMP® Exam & Certification | Ace PMP Exam in 1st Attempt,how to register for pmp exam,8,2,2
PMP® Exam & Certification | Confidently Ace The PMP Exam,pmp certification,8,1,1
PMP® Exam & Certification | Confidently Ace The PMP Exam,pmp exam,8,4,4
PMP® Exam & Certification | Confidently Ace The PMP Exam,pmp practice exam free,8,1,1
PMP® Exam & Certification | Confidently Ace The PMP Exam,pmi exam prep,8,4,4
PMP® Exam & Certification | Flat 40% Off - Enroll Now,pmp certification,8,1,1
PMP® Exam & Certification | Flat 40% Off - Enroll Now,pmp certification,8,4,4
PMP® Exam & Certification | Flat 40% Off - Enroll Now,pmp exam cost,8,2,2
PMP® Exam & Certification | Flat 40% Off - Enroll Now,pmp training and certification cost,8,4,4
PMP® Exam & Certification | Flat 40% Off - Enroll Now,pmp registered,8,5,5
PMP® Exam & Certification | Flat 40% Off - Enroll Now,what is the cost of pmp exam,8,4,4
PMP® Exam & Certification | Special Offer: Get $400 Off,pmp exam,8,4,4
PMP® Exam & Certification | Special Offer: Get $400 Off,pmp certificering,8,6,6
PMP® Training & Exam - Ace PMP Exam in 1st Attempt,pmp exam practice test,8,3,3
PMP® Training & Exam | Confidently Ace The PMP Exam,pmp prep classes,8,5,5
PMP® Training & Exam | Special Offer: Get $400 Off,pmp certification,8,1,2
PMP® Training Course | Confidently Ace The PMP Exam,purdue project management essentials,8,2,2
Product Owner (CSPO®) Course | Limited Offer: Flat $279 Off,a certified scrum product owner,5,1,1
Project Management Training,purdue project management essentials,7,5,5
SAFe® Agile Training & Exam | Special Offer: Get $250 Off,scrum safe certification,9,3,3
SAFe® Agilist Certification | Limited Offer: Enroll @ $545,scaled agile framework certification,9,6,6
SAFe® Agilist Certification | Special Offer: Get $250 Off,safe certification,9,2,2
SAFe® Agilist Certification | Special Offer: Get $250 Off,scaled agile framework certification,9,4,4
SAFe® Agilist Certification | Special Offer: Get $250 Off,scale agile certification,9,2,0
Scrum Alliance CSM® Training | Flash Sale: Enroll @ $270,csm certification,10,1,1
Simplilearn Courses,simplilearning,11,1,1
Simplilearn Courses | Online Courses,simplilearn courses,11,1,1
Simplilearn ITIL 4 Training - Level Up Your Skills,skillup by simplilearn,11,2,2
Simplilearn ITIL 4 Training - Online Certification Courses,skillup by simplilearn,11,1,1
Simplilearn ITIL 4 Training | Online Certification Courses,simplilearn itil,11,1,1
Simplilearn ITIL V4 | Online Certification Courses,simplilearn cissp,11,1,1
Simplilearn Online Bootcamps - Online Certification Courses,simplileaern,11,2,2
Simplilearn Online Bootcamps | Launch Your Career,simplilerarn,11,1,1
Simplilearn Online Bootcamps | Level Up Your Skills,simplielarn,11,1,1
Simplilearn Online Bootcamps | Online Certification Courses,simplilearn login,11,1,1
Simplilearn Online Bootcamps | Online Certification Courses,simplilearn login,11,2,2
Simplilearn Online Bootcamps | Online Certification Courses,simpilearn,11,1,1
Simplilearn Online Bootcamps | Online Certification Courses,smplilearn,11,1,1
Simplilearn Online Bootcamps | Online Certification Courses,simplilear,11,1,1
Simplilearn Online Bootcamps | Online Certification Courses,simplilearns,11,1,1
Simplilearn Online Bootcamps | Online Certification Courses,simplilearn full stack developer,11,2,2
Simplilearn Online Bootcamps | Online Certification Courses,simplilearns,11,2,2
Simplilearn Online Bootcamps | Online Certification Courses,simplilearn generative ai,11,3,3
Simplilearn Online Bootcamps | Trusted by 3 Million+ Learners,simplearn,11,1,1
Simplilearn PMP® Course - Limited Offer: Get $400 Off,siplilearn,11,2,2
Simplilearn PMP® Course | Flat 40% Off - Enroll Now,similearn,11,1,1
Simplilearn PMP® Course | Special Offer: Get $400 Off,simplilearn,11,1,1
Simplilearn PMP® Course | Special Offer: Get $400 Off,siplilearn,11,1,1
Simplilearn Post Graduate - Online Post Graduate Programs,post graduate program in digital marketing simpli learn purdue cost,11,1,1
Simplilearn TOGAF - Online Certification Courses,simplilearn artificial intelligence engineer,11,6,6
Simplilearn® Courses,simply learn,11,2,2
Simplilearn® Courses,simplelern,11,1,1
Simplilearn® Courses,simplylearn,11,2,2
Simplilearn® Courses,simplileanr,11,1,1
Simplilearn® Courses,simplilearn azure,11,1,1
Simplilearn® Courses,simple lern,11,1,1
Simplilearn® Courses - Online Certification Courses,simplelearn,11,1,1
Simplilearn® Courses - Online Certification Courses,simpli learn,11,1,1
Simplilearn® Courses - Online Certification Courses,simplylearn,11,1,1
Simplilearn® Courses - Online Certification Courses,simlilearn,11,1,1
Simplilearn® Courses | Level Up Your Skills | Launch Your Career,simpli lear,11,1,1
Simplilearn® Courses | Online Certification Courses,simplilearn,11,1,1
Simplilearn® Courses | Online Certification Courses,simplilearn,11,2,2
Simplilearn® Courses | Online Certification Courses,simply learn,11,1,1
Simplilearn® Courses | Online Certification Courses,simplileaern,11,1,1
Simplilearn® Courses | Online Certification Courses,simplilarn,11,1,1
Simplilearn® Courses | Online Certification Courses,simplielearn,11,1,0
Simplilearn® Courses | Online Certification Courses,smplilearn,11,2,2
Simplilearn® Courses | Online Certification Courses,simplilearn data science,11,2,2
Simplilearn® Courses | Online Certification Courses,simplilearn artificial intelligence engineer,11,4,4
Simplilearn® Courses | Online Certification Courses,simplielearn,11,2,2
Simplilearn® ITIL Programs | Online Certification Courses,simplilearn artificial intelligence engineer,11,1,1
Simplilearn® Official Site,login simplilearn,11,1,1
Simplilearn® Official Site,simplilern,11,1,1
Simplilearn® Official Site,simplilearn log in,11,1,1
Simplilearn® Official Site - Online Certification Courses,simpllearn,11,1,1
Simplilearn® Official Site - Online Certification Courses,simplilearn.com,11,1,1
Simplilearn® Official Site | Online Certification Courses,simply lern,11,1,1
Simplilearn® Official Site | Online Courses,simplilearn americas,11,1,1
Simplilearn® Training Programs | Get Certified. Get Ahead.,simplilearn cloud architect,11,1,1
TOGAF® 10 Certification Course | Enroll in TOGAF® Course Now,togaf course online,12,2,2
TOGAF® 10 Certification Course | Master TOGAF® Core Concepts,togaf certifications,12,1,1
TOGAF® Architect Certification - TOGAF® Free Exam Retake,togaf certification,12,6,6
TOGAF® Architect Certification | Enroll in TOGAF® Course Now,togaf certification,12,2,2
TOGAF® Architect Certification | Enroll in TOGAF® Course Now,togaf certified,12,1,1
TOGAF® Architect Certification | TOGAF® Free Exam Retake,togaf certification,12,4,4
TOGAF® Certification Exam Cost | TOGAF® Free Exam Retake,togaf certification price,12,4,4
TOGAF® Certification Price - TOGAF® Free Exam Retake,togaf certification training,12,2,2
TOGAF® Enterprise Architecture | Enroll in TOGAF® Course Now,udacity enterprise architecture,12,4,4
TOGAF® Enterprise Architecture | Enroll in TOGAF® Course Now,it architect certification program,12,4,4
TOGAF® Enterprise Architecture | Master TOGAF® Core Concepts,togaf training,12,1,1
